{"noiseKey":{"private":{"type":"Buffer","data":"wEizHSgckMmMvr3NryIRRDzDZn+NxwwIiqwopSZQemw="},"public":{"type":"Buffer","data":"svNXzIiKqu3MClqPeIeynkPK6iZWl/gfdHGbbuEAWSI="}},"pairingEphemeralKeyPair":{"private":{"type":"Buffer","data":"SNqCI4tr+Yq+d2RMqOQLPNjLU6ScFjn6UUT1BtU6I2o="},"public":{"type":"Buffer","data":"0m2ySmLfmwvSIDvRMGkClVV9KTjoPQTDAL910GUD1UM="}},"signedIdentityKey":{"private":{"type":"Buffer","data":"cCNHIXL/vuMcyXALbaZld65A2v3AGIlojWJ3QHPoEH0="},"public":{"type":"Buffer","data":"aseVvpjGdwUft09Qk7EUz0ECGwcIV9HKSHZRaAzSLVk="}},"signedPreKey":{"keyPair":{"private":{"type":"Buffer","data":"eHreOcqMyyj3CQFw/FAEradN++2jqG1fFChjkOuomUg="},"public":{"type":"Buffer","data":"GhMXH/GK0yf02aoh4LPuHKXRxe3kc2SHQqraaCs96GY="}},"signature":{"type":"Buffer","data":"7K8nZu0kT9ZjsHP0c+ISfWN0voj/tEGQuV+vRahjjcEPC5dRq7bTsvvDyH/cCca+aqLNgCWJ7kni58opfjlQAg=="},"keyId":1},"registrationId":143,"advSecretKey":"nlxttoPp5wxTby53T/pJ0rQ/1RRKfayVi9qa6pa9NJM=","processedHistoryMessages":[{"key":{"remoteJid":"213561213291@s.whatsapp.net","fromMe":true,"id":"C00308C4453A674252885F3819429A65"},"messageTimestamp":1750858883},{"key":{"remoteJid":"213561213291@s.whatsapp.net","fromMe":true,"id":"8DD5C1A02C10E7A8878E5293E9BF3A1D"},"messageTimestamp":1750858889},{"key":{"remoteJid":"213561213291@s.whatsapp.net","fromMe":true,"id":"0E4C7BBFA8BA681DEE92C04295ADBBE3"},"messageTimestamp":1750859001},{"key":{"remoteJid":"213561213291@s.whatsapp.net","fromMe":true,"id":"F109028FFCFDEBBAD2291825FCE7A682"},"messageTimestamp":1750859063}],"nextPreKeyId":4460,"firstUnuploadedPreKeyId":4460,"accountSyncCounter":1,"accountSettings":{"unarchiveChats":false},"deviceId":"gQ060dxfRxKhN6vYZKrj8Q","phoneId":"c2a5ee32-458a-467c-bf32-23498a64c2d0","identityId":{"type":"Buffer","data":"UXHJE2Tw1ppagJkeKrVkjNXC25w="},"registered":true,"backupToken":{"type":"Buffer","data":"rXreVOXald0CZAba5sFfqoauhgQ="},"registration":{},"pairingCode":"ABCD1234","routingInfo":{"type":"Buffer","data":"CAIIBQ=="},"me":{"id":"213561213291:29@s.whatsapp.net","name":"COKU BOT","jid":"213561213291@s.whatsapp.net","lid":"49435627286662:29@lid"},"account":{"details":"CJDV2oYFEPf478IGGBUgACgA","accountSignatureKey":"iUiXEtJCmrezcf6hv8SBKZGV6glTmmgRGmjOEw3LTwA=","accountSignature":"g5o2XmJKUNPC2cx2C9qqjRp03UqpPcs0qj5OdfiVLUH65py3fkbustS8iBM1km9Py8E7OaPkSZfofAze3M14Cg==","deviceSignature":"cmqdOxDxudsdMhS4qGND4Vy2zkyXpxoI66QkwPvib+FxRDXx0p3n8CJL0Qa9nHwayNM9yqAfTOwFuX/yAt4nDw=="},"signalIdentities":[{"identifier":{"name":"213561213291:29@s.whatsapp.net","deviceId":0},"identifierKey":{"type":"Buffer","data":"BYlIlxLSQpq3s3H+ob/EgSmRleoJU5poERpozhMNy08A"}}],"platform":"android","lastAccountSyncTimestamp":1750858876,"myAppStateKeyId":"AAAAACoi"}